sellerid,first_name,last_name,address,city
1,Angie,Tarbox,79948 Fisk Road,Sernovodsk
2,Misha,Callcott,9155 Nelson Point,Picoto
3,Wolfie,Faltskog,6 Loeprich Plaza,Zanjān
4,Marti,McGowran,85636 Packers Street,Cikubang
5,Daffie,Ruecastle,0489 Kim Parkway,Wichita
6,Milly,Sherston,9272 Delladonna Parkway,Vällingby
7,Peria,Bapty,01805 Macpherson Terrace,Cimonyong
8,Kyrstin,Powland,76 Laurel Court,Morani
9,Dale,Desorts,95 Southridge Way,Santa Rosa de Copán
10,Liana,Pigot,1 Village Green Parkway,Jiujie
11,Fiona,Mannagh,3 Sommers Plaza,Liucheng
12,Keslie,Proback,7 Rieder Street,Hošťka
13,Xylina,Ferras,27266 Kipling Street,Funehikimachi-funehiki
14,Linet,Baudacci,56951 Burning Wood Court,Dlemer
15,Rolland,Derwin,2 Blackbird Place,Nijmegen
16,Freddy,Langland,018 Karstens Point,Kototujuh
17,Davy,Ferrer,4 Randy Crossing,Şabyā
18,Gorden,Terrington,9929 6th Pass,Río Grande
19,Ruth,Hardage,0 Pond Court,Malkā
20,Rivi,Kivelle,8842 Summerview Lane,Masjed Soleymān
21,Duky,Hilland,3 Arkansas Street,Baku
22,Garrick,Haglington,07 Manley Terrace,Huhe
23,Erich,Laible,9 Hanover Drive,Postmasburg
24,Margit,Abdee,7 Petterle Way,Vejprnice
25,Nestor,Grigoliis,6 6th Plaza,Paciran
26,Rozalie,Turbard,354 Sunnyside Plaza,Oras
27,Jacquette,Arnoult,17812 Debra Circle,Jing’an
28,Shirley,Sodeau,4 Fordem Drive,Kagal’nitskaya
29,Conchita,Rubega,38 Crownhardt Center,Boulder
30,Donn,Kelleher,989 Merchant Trail,Chociwel
31,Hakeem,Smethurst,8 Heffernan Crossing,Al Fūlah
32,Annemarie,Jonk,15 Monument Plaza,Hanfeng
33,Juan,Jorck,433 Talmadge Junction,Tanggulangin
34,Justin,Swainson,32594 Mockingbird Drive,Sedayu
35,Elianore,Pattesall,343 Warrior Way,That Phanom
36,Tressa,Devonside,0 Lakewood Alley,Cikijing
37,Margret,McGeachie,3 Stephen Circle,Tingsryd
38,Murial,Ygou,5897 Thackeray Pass,Bourges
39,Erhard,MacGorman,496 Parkside Plaza,Baiyashi
40,Gwyn,Marflitt,0 Columbus Park,Wuling
41,Arly,Epelett,7 Bunting Road,Floresta
42,Yvette,Currom,52 Tennyson Point,Nganane
43,Yvette,Spellacey,5680 Springs Court,Rio Branco do Sul
44,Raf,Devanney,545 Lerdahl Drive,Taoshan
45,Gerard,Gavin,1496 Bultman Avenue,Gaiyang
46,Hildy,Mussalli,2183 Barby Way,Gonghe
47,Larissa,Powland,8 Dorton Parkway,Potou
48,Leonhard,Pantone,56809 Hoffman Street,El Soberbio
49,Harley,Dumbarton,4541 Luster Court,Värmdö
50,Gwenni,Claydon,13 Caliangt Park,Borås
51,Merilee,Stangroom,45385 Fisk Center,Heret
52,Chandal,Furse,957 Utah Plaza,Rouen
53,Alva,McGoon,08545 Waxwing Way,Rogóźno
54,Roby,Stanyard,77 Ilene Crossing,Cusapín
55,Allyn,Garmanson,5988 Loomis Hill,Pedro Carbo
56,Beilul,Frangello,1217 Eagan Place,Wuyang
57,Tabb,Haskett,264 Hanson Pass,Goragorskiy
58,Asia,Ferguson,935 Walton Point,Manning
59,Ivy,Drains,0728 Hoard Trail,Bulo
60,Melli,Quinion,9 Mayfield Avenue,Amahusu
61,Lynnelle,Morrott,83 Gina Point,Da’an
62,Stan,Riccardo,6464 Rieder Parkway,Västerås
63,Reggi,Waldock,0 Arkansas Junction,Nongba
64,Cicily,Ralls,6 Acker Alley,Taverny
65,Garner,Pidgley,51 Fair Oaks Pass,Shuangxi
66,Marney,Pley,07224 Granby Parkway,Borås
67,Morly,Carluccio,5725 Chive Alley,Waxi
68,Chiarra,Rossiter,812 Buell Crossing,Siraway
69,Teresa,Likely,85058 Coolidge Parkway,Jibu Hulangtu
70,Shelby,Sprowson,0989 Ridge Oak Point,Wangchuanchang
71,Harland,Grimwade,99327 Atwood Junction,Bang Nam Priao
72,Codie,Halwell,35598 Becker Trail,Seixas do Douro
73,Tricia,Timny,6118 Sutherland Crossing,Pedro Betancourt
74,Philomena,Tice,2 Macpherson Court,Daşoguz
75,Nickolai,Petrosian,86 Northport Lane,‘Afīf
76,Isak,Boyland,11723 Trailsway Point,Gayny
77,Neall,Goroni,74699 Welch Road,Davila
78,Alonzo,Entwhistle,72930 Melody Street,Zamora
79,Konstantine,Mantripp,902 Twin Pines Point,Cambrai
80,Zora,Alexandre,464 Forster Lane,Valença do Piauí
81,Chevy,Elwell,6300 Moose Junction,Kawagoe
82,Juliet,Bloodworthe,447 Shoshone Terrace,Ledeč nad Sázavou
83,Oliviero,Mulhall,92 Morning Trail,Bender
84,Theresina,Scrimshire,96 Lien Crossing,Jarabacoa
85,Marvin,Lequeux,00 Grover Pass,Sendai-shi
86,Avrom,Proudlock,676 Cardinal Parkway,Baharly
87,Laurette,Antonsson,7034 Farragut Road,Nanyanchuan
88,Deane,Mix,9574 Manufacturers Center,Licupis
89,Cornelia,Dailly,35743 Hansons Parkway,São Vicente
90,Farrah,Stanner,7466 Bartelt Road,Songhe
91,Chip,Harsum,69 Maple Trail,Betio Village
92,Cheryl,Edelheit,1 Hoffman Alley,Widuchowa
93,Helaina,Buscombe,401 Ruskin Plaza,Titay
94,Chrissy,Szymanzyk,700 Oak Avenue,Dolgoprudnyy
95,Moss,Hayley,9292 7th Avenue,Phetchaburi
96,Dell,Wait,10 3rd Hill,Xingcheng
97,Howard,Geffinger,9 Talmadge Pass,Shangshaleng
98,Dre,Feedome,8 Lien Place,San Juan
99,Rafaelia,Islep,6790 Texas Street,Kaabong
100,Irene,Schultze,7 Spaight Drive,Las Palmas
101,Morna,Beagrie,04929 Steensland Street,Veisiejai
102,Fletch,Lynnett,8541 Sage Hill,Winduraja
103,Hynda,Mattiato,440 Hovde Way,As Sukhnah
104,Ron,Galero,49155 Monica Crossing,Votuporanga
105,Ingeborg,Whybrow,549 Blackbird Terrace,Rio do Sul
106,Mannie,Brownlee,84 Miller Crossing,Santa Catalina
107,Gisella,Hunnam,2 Larry Place,Taguisa
108,Rubetta,Coller,4181 Maryland Circle,Sunampe
109,Bessy,Bonnyson,5 Lyons Court,Kuybyshevo
110,Ralph,Edelmann,7 Mallory Hill,Grazhdanka
111,Nonah,Blewett,487 Colorado Drive,Yläne
112,Adena,Chadwen,4 Moulton Pass,Jarošov nad Nežárkou
113,Conney,Brisland,9366 Mitchell Park,Hengpi
114,Wyatan,Tomaszewski,36 Cottonwood Point,Ticllos
115,Jaye,Damp,10 Scoville Trail,Dashev
116,Constantina,Fawlks,5757 Sheridan Crossing,Västra Frölunda
117,Johnna,Klemke,82 Nevada Lane,Västerås
118,Dickie,Blamphin,909 Muir Parkway,Hulitu
119,Orv,Lasselle,5 Schiller Junction,Tougan
120,Joyous,Assaf,8 Towne Pass,Bāndarban
121,Herold,Foggarty,95 Ramsey Avenue,Jiangchang
122,Hansiain,Barents,31 Melby Trail,Göteborg
123,Timothee,Scherme,9376 Fallview Alley,Örebro
124,Jameson,Skokoe,56467 Coolidge Street,Wotan
125,Bella,Allsop,19563 Homewood Junction,Karangwungu Lor
126,Ginnie,Buckel,90185 Lakewood Gardens Pass,Uchaly
127,Beverlee,Josilowski,70072 Goodland Road,Dongwan
128,Lorant,Makinson,4373 Paget Point,Isfana
129,Oswell,Hick,87 Alpine Trail,Shuangkou
130,Mathe,Surmeyer,59 Lighthouse Bay Pass,Mikhaylovsk
131,Marj,Cuxon,07 Tomscot Street,Watuka
132,Ennis,Sales,2 Stoughton Road,Presidencia Roque Sáenz Peña
133,Vinita,Connick,95450 Mallory Parkway,Foxrock
134,Constanta,Ivanaev,74025 Clarendon Pass,Jankomir
135,Barthel,Lougheed,46 Kensington Junction,Ljungby
136,Lynsey,Cornforth,578 Arkansas Street,Nizhnedevitsk
137,Inessa,Nye,751 Doe Crossing Terrace,Huancheng
138,Wheeler,Schuster,600 Mockingbird Parkway,Venado Tuerto
139,Rip,Pendell,39122 Armistice Crossing,Chengguan
140,Helen-elizabeth,Mirrlees,6691 Northwestern Way,Wañgan
141,Zonnya,Tickner,732 Blackbird Street,Miraflores
142,Alidia,de Quincey,1396 Reindahl Pass,Louisville
143,Britni,Barlace,9 Thierer Drive,Nereta
144,Loy,Gaynes,5 Memorial Pass,Agodim
145,Regine,Woolsey,0 Hermina Court,Tylicz
146,Bordie,Whyborn,00887 Rowland Street,Laojun
147,Gates,Haton,62200 Washington Trail,Rakitnoye
148,Laurent,Mc Trusty,338 American Ash Alley,Basel
149,Paula,Dye,830 Northland Road,Verrettes
150,Gilli,Gaffney,1585 Reinke Drive,Zhangcun
151,Yoko,Gorusso,2 Cardinal Terrace,Áyios Vasílios
152,Caspar,Lamble,92030 Schlimgen Hill,Embu
153,Reginald,McQuillen,76 Kipling Place,Suhe
154,Gaby,Simo,47 Eliot Plaza,Lenger
155,Malchy,Whartonby,51 Nelson Alley,Pangao
156,Fanchette,Kubista,01898 Del Mar Avenue,Biaokou
157,Leona,Lippitt,46 Thackeray Terrace,Dananyu
158,Cherri,Assaf,7 Rowland Lane,Ash Shaykh ‘Uthmān
159,Pat,Ackermann,5465 Hazelcrest Avenue,Aroroy
160,Hortensia,Bolens,805 Steensland Point,Cermee
161,Aldus,Flucker,8 Lerdahl Pass,Shahr-e Bābak
162,Hatty,Schruyer,25 Crownhardt Lane,Longfeng
163,Vonni,Aimable,6 Thompson Alley,El Paso
164,Sayre,Capper,27 Maryland Parkway,Nakano
165,Glyn,Whyteman,9515 Parkside Terrace,Sanski Most
166,Iggie,Dibnah,60724 Parkside Park,Nyíregyháza
167,Mignonne,Crookes,14843 Jana Pass,Mino
168,Phillida,Mathiassen,8 Kingsford Lane,Fezna
169,Chester,Wickey,17669 Onsgard Crossing,Chikeng
170,Roselle,Jacquemard,24 Maple Wood Park,Habiganj
171,Hebert,Jann,70136 Hallows Circle,Karungdong
172,Lilias,Rase,04628 7th Terrace,Ystad
173,Harland,Dumke,82 Stang Center,Elat
174,Jenica,Halsworth,57011 Prairie Rose Trail,KwaMbonambi
175,Codee,Barnhill,2418 Steensland Hill,Ritchie
176,Janine,Tinklin,2544 Prentice Road,P’rimorsk’oe
177,Sayre,Algore,598 Spaight Avenue,Suresnes
178,Bat,Sargeant,416 Hayes Road,Panxi
179,Garvy,Paroni,839 Bunker Hill Pass,Tokuyama
180,Friedrick,Yegorkov,426 Swallow Center,Beirut
181,Merill,Berndtsson,15102 Dennis Way,Amsterdam Oud Zuid en Rivierenbuurt
182,Hoebart,Defraine,1 Warbler Plaza,Palmas
183,Huntlee,Chart,6 Pleasure Road,Gunungsubang
184,Marvin,Heaps,7542 Pawling Plaza,Changma
185,Barnie,Bottle,67997 Northland Avenue,Thới Bình
186,Viola,Baynton,4757 3rd Circle,Houston
187,Cate,Lafontaine,7248 Everett Trail,Bologoye
188,Zeke,Rouf,10 Waywood Junction,Jōetsu
189,Caroljean,Joscelyne,91426 Dahle Terrace,Féres
190,Perkin,Treadwell,96333 Linden Alley,Miejska Górka
191,Filmore,O'Kuddyhy,744 Lakeland Hill,Kōnan
192,Ellwood,Murty,9 Ilene Center,Kostomuksha
193,Margarette,Ciccone,10164 Dakota Avenue,Dolní Černilov
194,Nelia,Sarle,732 Fulton Place,Masape
195,Guilbert,Perkins,1619 Springview Hill,Changxing
196,Weylin,Lothlorien,258 Lien Drive,Tower
197,Sissy,O' Hogan,89 Anthes Center,Hongch’ŏn
198,Wendye,Lotterington,68382 Washington Parkway,Al ‘Āliyah
199,Marleah,Schorah,2044 Shasta Court,Caminauit
200,Lesley,Mursell,2750 Fairview Pass,Kilingi-Nõmme
201,Stanfield,Dondon,460 Comanche Alley,Souto do Meio
202,Nathanael,Marchi,1 Gulseth Avenue,Kitwe
203,Timmy,Di Filippo,5440 Forster Terrace,Niono
204,Alanson,Jerg,6 Ronald Regan Way,Tupiza
205,Harri,Andriesse,49 Blaine Parkway,Lumbang
206,Hi,Kingzet,6 Shasta Circle,Rakszawa
207,Ulberto,Garbar,61546 Coolidge Road,Linköping
208,Reuven,McLeese,38 Doe Crossing Way,Pora
209,Marinna,Staddart,58 Hansons Trail,Carson City
210,Luke,Egre,24392 Almo Point,Zamarski
211,Shanda,Danzig,9420 Grover Way,Langchuan
212,Felizio,Borges,7 Morning Plaza,Lupo
213,Myrlene,Huyge,93 Meadow Valley Avenue,Nangen
214,Cecilia,Petrasek,7967 Brickson Park Drive,Río Grande
215,Hilde,Kirsch,632 1st Hill,Seririt
216,Evaleen,Worge,83 Ronald Regan Pass,Ćmielów
217,Olly,Aikett,321 Oneill Point,Havlíčkův Brod
218,Clementia,Sinisbury,4 Mcbride Park,Vychegodskiy
219,Carter,Clelle,9 Spohn Lane,Samaro
220,Moll,Vint,46946 Jenifer Parkway,Erbil
221,Dermot,Aicken,56245 Farragut Park,Namalenga
222,Sheryl,Erasmus,520 Forest Run Park,Zaïo
223,Esther,Notton,2 Paget Parkway,Nalsian Norte
224,Annabell,Cokly,6 Stone Corner Circle,Kafir Yasif
225,Trista,Marousek,5496 Fairview Trail,Panalingaan
226,Bren,McGrath,8242 3rd Plaza,Jingchuan Chengguanzhen
227,Amii,Bulcroft,08997 Sauthoff Plaza,Nerchinsk
228,Walther,Wearn,5799 Ridge Oak Circle,Zaqatala
229,Silvan,Topping,7687 Riverside Alley,Saint-Dié-des-Vosges
230,Dyane,Kempe,4 Brickson Park Park,Pak Phli
231,Natka,Strettell,12705 Thierer Hill,Japeri
232,Elly,Patty,4993 Hudson Hill,Bilyarsk
233,Cairistiona,Ewen,07306 Cambridge Plaza,Benito Juarez
234,Daria,Wardlaw,2682 Fisk Parkway,Antigonish
235,Hayden,Pilgram,1 Stone Corner Trail,Dayou
236,Gladys,Huntly,529 Mockingbird Court,Ibiá
237,Lexine,Pryke,7185 Hovde Crossing,Banjar Peguyangan
238,Carney,Leopard,88546 Maryland Way,Vostok
239,Leola,Lenin,57559 Monterey Parkway,Mensalong
240,Olia,Baggelley,592 Utah Court,Acao
241,Anders,Eamer,72 Eastlawn Circle,Suya
242,Jacquelynn,Melarkey,51 7th Circle,Changxingbao
243,Garrott,Dellit,1049 Banding Crossing,Pejukutan
244,Chad,Denisovo,27 Blue Bill Park Way,Āshkhāneh
245,Elwin,Errey,598 Morrow Plaza,Linjiang
246,Cathee,Lesser,051 Jana Hill,Kinalaglagan
247,Rog,Pestell,27852 Browning Trail,Siwalan
248,Zebulon,Napleton,167 Stephen Drive,Verbivka
249,Rudd,Illes,52262 Mayfield Center,Fatufaun
250,Anstice,Searles,5583 Nobel Parkway,Kut Chap
251,Valentino,Pirdue,3 Bay Crossing,Sofrino
252,Freida,Kerner,4617 Jay Lane,Vilnius
253,Jerry,Ponder,78 Meadow Vale Street,Ylihärmä
254,Dierdre,Doog,6386 Browning Trail,Seara
255,Minerva,Struttman,64724 Pond Center,Savran’
256,Stillmann,Flynn,480 Truax Parkway,Sobreda
257,Gearalt,L'Hommee,97153 Westend Street,Dąbrowice
258,Kristofer,Roper,74434 Hallows Pass,Kołbaskowo
259,Nikolaos,Wrate,00386 Scofield Crossing,Banyuresmi
260,Karol,Sussems,1 Mosinee Junction,Sydney
261,Stanfield,Scotson,1396 Sundown Plaza,Kimito
262,Leona,Kennermann,522 Sutteridge Avenue,Saint-Quentin-en-Yvelines
263,Ileane,Goch,3 Fulton Street,Montpellier
264,Hatty,Baser,80 Stoughton Crossing,Saint Paul
265,Reggy,Toll,93 Fordem Place,Kamru
266,Mickey,Calloway,39128 Kennedy Hill,Randu
267,Gloriane,Woloschinski,17692 Burrows Street,Maji
268,Damien,Bartomieu,9 Mallard Place,Ban Dan
269,Siffre,Sponer,2 Stoughton Drive,Kónitsa
270,Marcie,Trathan,930 Rockefeller Parkway,Ujmisht
271,Mercie,Dye,89215 Vera Crossing,Khirdalan
272,Nevins,Gavagan,3815 Hallows Parkway,Lishu
273,Gayleen,Farrand,0 Mcbride Crossing,Carangola
274,Howey,McCrohon,8 Cambridge Point,Fengjiang
275,Avictor,Girth,1661 Express Center,Perehonivka
276,Karoly,Moquin,42 Orin Parkway,Ujae
277,Chilton,Sambles,2 Raven Street,Caopie
278,Caye,Bolwell,7566 Farwell Junction,Kolmården
279,Isobel,Brandli,9 Fremont Avenue,Muzhou
280,Ermengarde,Levy,00597 Almo Pass,Chegdomyn
281,Charity,Broomfield,8517 Clyde Gallagher Parkway,Waikambila
282,Dimitri,Yitshak,0762 Lake View Avenue,Dupnitsa
283,Berti,Cronshaw,0086 Carpenter Court,Baoshan
284,Cyrille,Brunton,86392 Mockingbird Street,Qiling
285,Truda,Vaissiere,4 Corry Hill,Los Juríes
286,Cornall,Clutterham,6399 Spenser Parkway,Sanxiang
287,Christy,Lukins,9 3rd Street,Venëv
288,Layne,Hoston,63 Duke Circle,Siekierczyn
289,Ario,Alecock,629 Marquette Alley,Corani
290,Brendan,Potkin,3003 Fairfield Parkway,Jiaohu
291,Lorianne,Bourdis,32675 Huxley Center,San Mateo
292,Candace,Pogg,68 Kings Way,Songwon
293,Minna,Wardingly,64295 Redwing Alley,Sremska Mitrovica
294,Margarette,Le-Good,07 Cambridge Hill,Maralik
295,Iorgo,Faux,94 Scoville Crossing,Laleng
296,Joshia,Whitelock,98899 Green Ridge Road,Susunan
297,Arel,Tofpik,331 Scofield Junction,Sathing Phra
298,Gustav,Marsland,542 Carpenter Hill,Modderfontein
299,Brina,Egdal,83 Kipling Place,Tlogosari
300,Marabel,Hourstan,1 Fallview Hill,Gorzów Wielkopolski
301,Pauletta,O'Scollain,8785 Barnett Place,Konde
302,Fay,Aspling,956 Anhalt Trail,Isheyevka
303,Orazio,Grigoroni,2228 Carpenter Lane,Buray
304,Percy,Adamovitch,10 Ludington Plaza,Aldeia da Piedade
305,Valentijn,Fidal,4469 Londonderry Park,Kuala Lumpur
306,Mari,Kerwood,7 Lakeland Road,Liubo
307,Hilda,Strachan,39135 Marquette Junction,Córdoba
308,Thorny,Seyffert,8 Anderson Alley,Qiansuo
309,Lowe,Forrestill,506 Boyd Lane,Lubukalung
310,Joel,Kobieriecki,793 Moose Park,Shentang
311,Graehme,Dirkin,260 Golf Course Trail,Bertioga
312,Timoteo,Joriot,82 Old Shore Lane,Degerfors
313,Edy,Crocken,49197 Sutteridge Crossing,Ise
314,Peria,Cawthry,024 Holmberg Road,Rio Branco do Sul
315,Horatia,Umpleby,696 Coleman Center,El Refugio
316,Noak,Bondley,8 Schmedeman Road,Cullhuas
317,Dru,Blundell,0741 North Park,Bajiao
318,Joice,Notton,6 Linden Point,Houston
319,Kyrstin,Klima,42866 Forest Dale Street,Marseille
320,Clive,Findlow,0 Crescent Oaks Trail,Nanxiang
321,Erik,De Cleyne,5755 Clarendon Plaza,Ploemeur
322,Shalna,Mutch,466 Lyons Parkway,Zhenkou
323,Cinderella,Gaucher,876 Eastlawn Junction,Baiyushan
324,Suzi,Murdoch,4293 Fallview Center,Pavshino
325,Amelina,Voules,72 Beilfuss Point,Châlons-en-Champagne
326,Cyndi,Beavan,85142 Welch Drive,‘Alī al Gharbī
327,Maggee,Broxup,6 Clemons Lane,Roldanillo
328,Deirdre,Ronchi,28 Golf View Pass,Toktogul
329,Letitia,Gateley,004 Buell Crossing,Göteborg
330,Peria,McGinny,6539 Bayside Road,Choca do Mar
331,Lucina,Trevethan,00503 Golf Course Drive,San Marcos
332,Janetta,Rawsthorne,17 Sage Place,Bjärred
333,Silvanus,Bourdon,52423 Magdeline Center,Oinoússes
334,Luca,Vieyra,5601 Clove Avenue,Zhuangxing
335,Sonia,Bengefield,97 Delladonna Alley,Sindangsuka
336,Bradford,Huriche,8490 Village Green Court,Dalongzhan
337,Manolo,Devin,21 Glacier Hill Parkway,Knoxville
338,Tobit,Stockall,54 Homewood Junction,Brodnica
339,Crosby,Carrivick,5 Bluestem Park,Luzhang
340,Sheff,Zupo,64670 Annamark Terrace,Forquilhinha
341,Lissa,Meany,776 Wayridge Court,Poste du Lac
342,Whitman,Cowdry,48 Mallard Court,Itororó
343,Rufe,Dauney,89732 Heffernan Plaza,Sztum
344,Gale,Brittles,5 Lawn Pass,Shapaja
345,Hakeem,Hawarden,171 Menomonie Center,Václavovice
346,Vannie,Rainy,38 Mariners Cove Center,Ash Shawātī
347,Milton,Zanneli,18 International Place,Midões
348,Monique,Mowles,209 Lindbergh Circle,Wiang Chiang Rung
349,Penrod,Di Antonio,739 Lindbergh Crossing,Nizhniy Bestyakh
350,Tadio,Geany,42395 Darwin Terrace,Muikamachi
351,Dallis,Rubertelli,59 Mitchell Avenue,Boji
352,Suellen,Hulburd,45218 Stephen Drive,Otoka
353,Bartholemy,Shotbolt,236 South Alley,Igbor
354,Jorge,Voller,405 Marcy Avenue,Kodamachō-kodamaminami
355,Humphrey,Vane,8335 Hauk Alley,Longjumeau
356,Eduard,Skirvane,8 Sachtjen Circle,Xiaoyangqi
357,Frederigo,O'Looney,50 Quincy Trail,Tešanj
358,Rudolfo,Gold,5 Ohio Plaza,Kalilu
359,Rosana,Tearle,0 Acker Way,Kuching
360,Claybourne,Chaikovski,1 Derek Alley,Casilda
361,Alfonse,Shafe,0183 Fairview Court,Czerwin
362,Dorey,Darte,56 Macpherson Parkway,Fort Erie
363,Madelin,Dowding,83610 Atwood Plaza,Heyin
364,Bernette,Garshore,625 Rigney Point,Yonghe
365,Gaylor,Sheepy,59851 Esch Circle,Kingisepp
366,Arman,Melsom,9364 Fair Oaks Pass,Beisijia
367,Arlyn,Iacovelli,5 Eliot Circle,Shuiji
368,Sena,Mantione,01 Mayfield Trail,Carmen
369,Beniamino,Tampion,528 Jay Terrace,Camabatela
370,Bronson,Andrelli,1 Northport Plaza,Byala
371,Bryanty,Alster,17 Rutledge Circle,Pasolapida
372,Sherye,Whopples,00 Pond Road,Nanbao
373,Cullen,Towell,4847 International Point,Trzcianka
374,Erika,Norval,60 Katie Center,Biecz
375,Lois,Lawson,839 Monument Street,Motygino
376,Deana,Silverson,90 Riverside Street,Kwangyang
377,Roxana,Hovenden,11506 Nova Trail,Siqiao
378,Lanni,Richly,5829 Fallview Point,Dolno Palčište
379,Lindy,Taynton,51988 Texas Alley,Kolç
380,Callean,Fleetwood,7567 6th Way,Kangar
381,Salvatore,Cuffley,910 Toban Avenue,Mulanje
382,Christan,Dauber,80928 Montana Junction,Kyurdarmir
383,Wynn,Folonin,3595 Westport Way,Tourcoing
384,Maddie,Spaight,7406 Stephen Crossing,Sudo
385,Terri,Dowall,999 Warbler Point,Jianghai
386,Murry,Goldsberry,1 Morning Plaza,Loma Alta
387,Gerhard,Salsberg,46 Sauthoff Hill,Fornos de Algodres
388,Atalanta,Crowne,3 Nevada Court,Ciomas
389,Mannie,Petrashov,8519 Ruskin Way,Baculin
390,Marcille,Crewdson,78379 Morning Avenue,Blantyre
391,Lilla,Shemwell,3 Donald Point,Pursat
392,Alisun,Lafflin,6 Pleasure Hill,Vienna
393,Shellie,Stiger,8746 Riverside Parkway,Calasgasan
394,Hester,Kirsz,7847 Evergreen Junction,Sandakan
395,Marlie,Chestle,3216 Rieder Drive,Sande São Lourenço
396,Moira,Muslim,1 Carpenter Alley,Zagoryanskiy
397,Laverna,Delamaine,89 Dovetail Lane,Darłowo
398,Gweneth,Ruecastle,123 Clove Way,Pyhäranta
399,Lise,Hedderly,0520 Thierer Alley,Guangyubao
400,Nate,Bumphries,937 Arizona Center,Massaguet
401,Lisle,Ponnsett,9862 Northridge Street,Walakeri
402,Nike,Reddecliffe,30 Fairview Drive,Sadahayu
403,Barney,Quiddinton,367 Bunker Hill Alley,Yingyang
404,Chase,Baffin,97099 Longview Junction,Prengtale
405,Rozelle,Walas,671 Aberg Pass,Petukhovo
406,Xavier,Finessy,978 Continental Terrace,Płońsk
407,Bennie,Franzolini,3809 Autumn Leaf Terrace,Brisbane
408,Geraldine,Bartel,4663 Oak Valley Road,Brody
409,Mandie,Scamadin,66087 Bellgrove Avenue,Capitán Solari
410,Stewart,Sawrey,77 Carpenter Park,Meiyuan Xincun
411,Alexandros,Innerstone,36296 Veith Road,Kruševica
412,Linda,Jaqueminet,4 Raven Drive,Cayambe
413,Lorraine,Koubu,8525 Veith Junction,Gukovo
414,Ella,Fruchon,816 Oak Avenue,Picoto
415,Philippa,Felmingham,75777 Gina Junction,Al Buq‘ah
416,Tristam,Brackenbury,86 Northland Terrace,Kelowna
417,Katrina,Reekie,6 Jana Trail,Shigu
418,Netti,Guerry,62 Karstens Junction,Thủ Thừa
419,Alexis,Morilla,4301 Maple Hill,Chenzhouzhai
420,Winnifred,Gheeorghie,1 Vernon Center,Condega
421,Rooney,Larmet,34755 Eastwood Terrace,Ganyi
422,Sheffield,Ibel,7939 Gateway Park,Cisownica
423,Nikolaos,Wakerley,481 Melody Street,Otaru
424,Mikey,Lidgertwood,57237 Mcbride Parkway,Bil‘īn
425,Hetti,Kelsow,2720 Burning Wood Trail,Kirkton
426,Agosto,d' Eye,8222 Harbort Place,Mayumba
427,Robena,Ellaway,602 Hanson Drive,Xichangmen
428,Karolina,Dowrey,8 Veith Point,Tsingoni
429,Adelheid,Lages,8 Transport Alley,Rayevskiy
430,Gus,Dudin,6085 Buena Vista Parkway,Tiandeng
431,Jacobo,Arenson,9686 Ilene Park,Plácido de Castro
432,Allison,Santus,753 Red Cloud Plaza,Beizhuang
433,Myrah,Wordsley,923 Pleasure Way,Cáceres
434,Oates,Luna,3 Karstens Way,Marly
435,Guglielmo,Gippes,748 Stone Corner Court,Huishi
436,Gabie,Grealy,7 Iowa Point,Nueva Loja
437,Vasili,Brende,07539 Declaration Parkway,Novallas
438,Kacy,Reap,01542 Lillian Road,San Diego
439,Berenice,Aldwick,2640 Raven Alley,Malabago
440,Courtney,Burness,7 Hoffman Parkway,Shangcunba
441,Parke,Shannon,3 Heffernan Plaza,El Tambo
442,Sofia,Carrabott,83 Tomscot Crossing,Yongjiu
443,Siouxie,Jozsa,6 3rd Pass,Ust’-Dzheguta
444,Trixy,Jenteau,411 Toban Lane,Dagu
445,Briggs,MacDonald,09047 Nobel Plaza,San Vicente
446,Barthel,Dozdill,1727 Forster Plaza,Kryvyy Rih
447,Dugald,Blakebrough,4 Sugar Way,Rassvet
448,Tina,MacAnellye,283 Sherman Park,Jianshe
449,Sena,Rosenbarg,893 Ridgeview Court,Dungang
450,Ivie,Farrens,2 Chive Terrace,Aimorés
451,Marchall,Denley,83 Chive Hill,Kosti
452,Duff,Lilley,0 Moland Plaza,Kaleybar
453,Milka,Minocchi,321 Saint Paul Point,Nanggela
454,Edita,Bernli,952 Katie Center,Saint Louis
455,Chance,Waple,41 6th Trail,Lizhuang
456,Gwyn,Rylstone,103 South Alley,Shiniujiang
457,Dede,Riches,6 Kropf Drive,Metlika
458,Trueman,Spada,17090 Porter Hill,Hidalgo
459,Kennedy,Yokelman,94 Scofield Park,Young America
460,Velvet,Lumbley,4142 Reindahl Parkway,Lutowiska
461,Joellen,Jordi,0 Sachtjen Point,Säffle
462,Chilton,Dow,3 Daystar Terrace,Baozi
463,Tasha,Niblo,809 Waxwing Alley,Sokyryany
464,Susanne,Warhurst,28 Charing Cross Lane,Al Mayādīn
465,Haleigh,Mussington,72436 Dottie Road,Przemyśl
466,Norean,Donaher,52 Almo Circle,Casillas
467,Dory,Micklewicz,4 Swallow Place,Cibanten
468,Lindsey,Echalier,9 Springview Lane,Zhajin
469,Cedric,Drewes,90821 Burning Wood Point,Kibingo
470,Hinze,Rableau,7208 Waxwing Alley,Shilong
471,Shelbi,Hablet,47 Shopko Drive,Qushi’an
472,Gerladina,McGowan,284 Stang Center,Wukang
473,Garrott,Goodlatt,594 Village Green Place,Matsushima
474,Elianore,Hendrickx,64 Dexter Point,Qalandiyā
475,Heinrick,Mourton,264 Southridge Drive,Trzemeszno
476,Lorrie,Pavlenkov,21 Rusk Circle,Fangtang
477,Rosalia,Drinkel,01513 Upham Hill,Vishnyakovskiye Dachi
478,Romy,Himsworth,0978 Fallview Park,Tuti
479,Maighdiln,Sacher,088 Bashford Lane,Las Garcitas
480,Abdel,Fallis,8924 Claremont Court,Yessentuki
481,Kacie,Usher,130 Delladonna Road,Boulogne-Billancourt
482,Allx,Clemence,7 Goodland Crossing,Biryulëvo Zapadnoye
483,Benoit,Scotfurth,8 Elgar Junction,Nice
484,Bren,Grogan,43 Northridge Junction,Fucun
485,Libby,Jurick,94396 Fairfield Street,Galubakul
486,Jorey,Kelleway,96997 Russell Place,Ramadi
487,Nike,Eshelby,2538 Village Green Crossing,Tekik Wetan
488,Ernaline,Innman,322 Mandrake Place,Kaset Sombun
489,Neille,Kuhwald,27316 Kedzie Hill,Huangjinbu
490,Jervis,Saye,99 Superior Crossing,Zhuanqiang
491,Sunshine,Purdey,39430 Bunting Street,Mende
492,Dorian,McCawley,48 Anthes Street,Khueang Nai
493,Christi,Sherer,779 David Crossing,Bulgan
494,Urbano,Pepis,527 Grover Terrace,Vila Moreira
495,Justine,Lambrook,3938 Burrows Drive,Ourovéni
496,Valentia,Thompkins,704 Clyde Gallagher Point,Canga’an
497,Harli,Spridgeon,3631 Westport Court,Nanmuping
498,King,Mulrenan,576 Prairie Rose Crossing,Manhush
499,Mari,Clerc,5579 Everett Junction,Skhodnitsa
500,Cale,Wingeatt,925 Ruskin Terrace,Sakchu-ŭp
501,Sheffy,Ruler,93 Oak Valley Road,Tsuruoka
502,Doug,Rozenzweig,831 6th Center,Pevek
503,Blanch,Bendall,692 Green Hill,Upper San Mateo
504,Madelena,Rankin,31 Meadow Ridge Court,Sokol’niki
505,Wolf,Colmore,01243 Northwestern Junction,Tianzishan
506,Edouard,Cracie,269 Crownhardt Court,West End
507,Vanda,Godmar,09240 Texas Trail,Patria
508,Margeaux,Sammars,99 Brentwood Junction,Pinoma
509,Andrey,Hogben,7 Emmet Center,Stříbro
510,Parry,Camier,4 Donald Way,Majin
511,Stoddard,Nolder,8726 Bunting Park,Capão da Canoa
512,Roxi,Bourbon,170 Fisk Crossing,Cruz Alta
513,Shawn,Giovanni,9708 Ramsey Park,Chigan
514,Dniren,Bearman,424 Towne Way,Mueang Nonthaburi
515,Philly,Bucknall,993 Dakota Plaza,Luleå
516,Levon,Rosencrantz,3318 Hovde Avenue,Lomma
517,Juanita,Sebastian,28 Shelley Road,Shuikou
518,Livia,Castellet,603 Vernon Street,Yanghe
519,Nolly,Essberger,4 Bonner Plaza,San José
520,Roselia,Farge,06296 American Ash Parkway,Hot
521,Phil,Ondrousek,917 Oriole Trail,London
522,Oralie,Gonthier,20688 Saint Paul Center,Ia Kha
523,Curran,Helleckas,189 Green Ridge Plaza,Besançon
524,Dyane,McAllen,42392 Fisk Way,Богданци
525,Talbot,Newbold,061 Mcguire Drive,Nîmes
526,Saidee,Casserly,551 Amoth Place,Moravče
527,Blake,Sivill,4 Rockefeller Way,Sampangbitung
528,Kendra,Ollie,3 Valley Edge Crossing,Aguas Corrientes
529,Brunhilda,Crumly,89715 Schmedeman Drive,Figueira
530,Staci,Hasell,44900 Blue Bill Park Street,Stockholm
531,Alexis,Dow,87 Johnson Road,Zhongxin
532,Happy,Sired,95040 Cottonwood Parkway,Lumil
533,Malachi,Bodley,7 Aberg Avenue,Puzi
534,Hebert,Brownsea,0808 Clove Hill,Albina
535,Alli,Fulmen,571 Menomonie Way,Sundsvall
536,Bevon,Shuter,86 Waywood Court,Masis
537,Harp,Peachey,089 Lake View Hill,Malvern
538,Daisey,Tyrwhitt,5057 Delladonna Parkway,Poções
539,Auberta,Glennard,7911 Burning Wood Trail,Koga
540,Murial,Linch,9427 Spenser Trail,Conner
541,Sharlene,Mullins,53353 Mosinee Center,Xinglong
542,Leanora,Jenson,86 Paget Junction,Yokkaichi
543,Yuri,Durdle,97456 Kim Center,Hongshunli
544,Lyndell,Badwick,39161 Summer Ridge Avenue,Taraju
545,Ezra,Edess,739 Monterey Park,Claremorris
546,Beatriz,Baston,20512 Bultman Street,Spas’ke
547,Bartholomew,Hall-Gough,641 Cody Park,Dundee
548,Angeli,Clues,3285 Sutherland Alley,Gaohe
549,Mel,Matthieson,3871 Golf Course Drive,Tonekābon
550,Beverly,Wawer,2680 Stone Corner Center,Banja Luka
551,Doroteya,Deniscke,32255 Brown Lane,Cangkreng
552,Merle,Khomishin,65828 Grayhawk Junction,Biyong
553,Upton,Birdis,5 International Alley,Huili
554,Neil,Beathem,42 Logan Junction,Liangwa
555,Artur,Mulcock,03 Vidon Plaza,Qacha’s Nek
556,Correna,Lindenboim,3 Debs Center,Luleå
557,Zita,Trower,1587 Bashford Court,Gornyye Klyuchi
558,Cindy,Warmington,68 Trailsway Trail,Puncakbaru
559,Lucita,Basilotta,83764 Elgar Crossing,Cipondok
560,Milicent,Durtnell,0186 Trailsway Street,Soledade
561,Darbie,Youdell,7 Sommers Center,Leigu
562,Evin,Algar,30083 Chive Plaza,Dinskaya
563,Bette-ann,Richford,335 Anhalt Street,Shengci
564,Dasie,Bendelow,31869 Judy Court,Saint-Amand-les-Eaux
565,Marcos,Pymm,936 6th Avenue,Progreso
566,Bartholomew,Franchyonok,88558 Blaine Circle,Alapayevsk
567,Francene,Klemencic,2 Hagan Way,Pedroso
568,Tripp,Leupoldt,7559 Hooker Park,El Congo
569,Halli,Huller,2879 Golf View Pass,Lakki Marwat
570,Cass,Bridgland,23485 Springview Center,Muli
571,Van,Batrick,54 Grim Drive,Pisão
572,Corny,Smullin,6690 Judy Crossing,Cabanaconde
573,Kit,Rice,42535 North Center,Charlotte
574,Mace,Clineck,97064 Pierstorff Terrace,Wissembourg
575,Sylvester,Anthonsen,4456 Graceland Trail,Gogaran
576,Donelle,Hammill,0763 Tennessee Drive,Kněžpole
577,Meggi,Tatlock,98726 Lerdahl Parkway,Witzenhausen
578,Wain,Coneybeer,62 Weeping Birch Pass,Daga
579,Jeffrey,Kightly,6377 Upham Trail,La Virgen
580,Roxanne,Sainter,222 1st Alley,Luchenza
581,Roseanna,Leavesley,0 Rutledge Center,Renko
582,Micah,Feak,18731 Darwin Pass,Kubangsari
583,Adoree,Baake,4 Marquette Crossing,Loma Bonita
584,Margi,Lenormand,5817 Kings Hill,Real
585,Web,McCambrois,8104 Algoma Crossing,Lisieux
586,Kriste,Popov,4868 Sycamore Avenue,Sibbo
587,Cherie,Dron,3 7th Avenue,Xinji
588,Brigitte,Mazin,6142 Pankratz Street,Rasūlnagar
589,Elysia,Kellert,6 Cottonwood Place,Tarnowskie Góry
590,Barnabas,Jirousek,497 Southridge Court,Xifengshan
591,Wyatan,Westwood,4708 Bellgrove Pass,Reims
592,Walther,Brenneke,8564 Shasta Crossing,Pengjia Zhaizi
593,Skell,McGlone,58 Glacier Hill Circle,Fraga
594,Helen,Schimmang,65 Susan Terrace,Mbalmayo
595,Lucais,Keasy,54 Bobwhite Pass,Rennes
596,Virgil,Winser,47811 Mcbride Hill,Lulindi
597,Magdalene,Senecaux,5 Sullivan Pass,Boljoon
598,Magda,Blything,11110 Katie Hill,Szeged
599,Jacky,Milington,1 Hudson Way,Orléans
600,Annmarie,Grimble,91848 Namekagon Place,Xiaochuan
601,Axe,Ambrosi,3910 Kim Drive,Strasbourg
602,Cointon,McErlaine,86 2nd Court,Erie
603,Suzette,Stanman,9 Morrow Avenue,Miaogou
604,Edik,MacSorley,1676 Stone Corner Court,Zhenchuan
605,Cherilyn,Thody,282 Esch Pass,Raszków
606,Danika,Zipsell,142 Coleman Avenue,Carmen de Viboral
607,Bill,Camilleri,95720 Fulton Street,Dukuhbadag
608,Alene,Boissier,0332 Del Mar Park,Morelos
609,Natalie,Goodlud,4333 Hoard Way,Fengli
610,Eada,Causer,1771 Hanson Crossing,Sila
611,Gusta,Stokey,8221 Tennyson Court,Nova Era
612,Joell,Uff,93139 Gerald Parkway,Sayama
613,Cassie,Chown,18919 Lakewood Gardens Parkway,Montenegro
614,Daryl,Jenkerson,35995 Carey Hill,Yanjiao
615,Engelbert,Petrashkov,13 Jenna Trail,Nzeto
616,Dela,Mayzes,190 North Way,Eixo
617,Miriam,Grossman,5 Holy Cross Crossing,Soutinho
618,Valentijn,Armstrong,45 Elka Parkway,Jelsa
619,Delilah,Easter,24364 Drewry Court,Manaulanan
620,Muire,Liddell,03 Reindahl Trail,Hornówek
621,Amalita,Hrachovec,70451 Everett Park,Xibu
622,Nicholle,Carvill,2525 Roth Crossing,Thiais
623,Hailee,Goldster,9 Knutson Circle,Miaotang
624,Meade,Fetherston,83 Bunker Hill Place,Tuanfeng
625,Susanetta,Mattersley,11 Bobwhite Center,Lysekil
626,Gertie,Gibson,83220 David Junction,Lārkāna
627,Delbert,Pile,4 Ilene Crossing,Bolhrad
628,Howey,Benedidick,217 Hayes Lane,Judita
629,Bernita,Cakes,51 Moose Trail,Canchayllo
630,Farrand,Berntsson,75 Bartelt Road,Slovenska Bistrica
631,Talbert,Jankin,479 Morrow Court,Laḩij
632,Hobey,Menel,8651 Ridge Oak Plaza,Jiazi
633,Nancie,Farnan,8735 Lakewood Plaza,Wielgie
634,Fallon,Lorkin,54575 Harper Point,Krayen
635,Gilda,Mucklow,10 Corry Pass,Karanglo
636,Zerk,Gartrell,11414 Express Plaza,Cavaillon
637,Sutherlan,Birbeck,85 Brickson Park Circle,Sudo
638,Dre,Shearston,1814 Ruskin Terrace,Chefchaouene
639,Monty,Veillard,7129 Hoffman Crossing,Trudovoye
640,Tonye,Pahlsson,2 Northport Terrace,Gaojimiao
641,Paxton,Besemer,608 Novick Hill,Sveg
642,Kendricks,McClinton,8 Graceland Place,Oklahoma City
643,Dena,Paskin,12966 Mcbride Junction,Ovalle
644,Esther,Gaunter,45202 Manufacturers Point,Xijiang
645,Benny,Wince,61863 American Crossing,Richmond
646,Gawen,Sirmon,1 Blaine Way,Tanggung
647,Flor,McClinton,13244 Maryland Court,Huanglian
648,Ilse,Mont,70013 Fordem Park,Fengxian
649,Melessa,Clare,64 Manley Drive,Taihe
650,Gayelord,Jeacop,50575 Claremont Alley,Tres Isletas
651,Richmound,Rickertsen,6 Oak Avenue,Vidnoye
652,Betty,Hillyatt,58 Harper Crossing,Darkūsh
653,Em,Dewar,13 Armistice Circle,Tocopilla
654,Charmion,Wardrope,4494 Ridgeway Park,Candelaria
655,Jordanna,Trowsdale,519 Shoshone Place,Soledade
656,Saraann,Cuel,5 4th Way,Lalukoen Dua
657,Blithe,Hofer,7247 Summer Ridge Pass,Meizhou
658,Zebadiah,Faltin,64 Steensland Road,Kasonawejo
659,Nari,Frangleton,27227 Scofield Circle,Sorongan
660,Alida,Drissell,956 Reinke Junction,Polzela
661,Jacobo,Brettell,6 Cardinal Center,Lindavista
662,Lexy,Schutt,09 Sullivan Circle,Dukla
663,Jenilee,Arnoud,16380 Lien Parkway,Kamiichi
664,Pattie,Kehoe,9 Norway Maple Park,Weibin
665,Krissy,Quested,8 Mendota Lane,Dahe
666,Katie,Philippet,8642 Lakewood Way,Jinshiqiao
667,Oliviero,Comford,448 Corry Drive,Danilov
668,Pace,Capstack,1 Loftsgordon Alley,Mosar
669,Abagael,Skinn,752 Northfield Road,Cairima
670,Barb,Dulwitch,724 Spenser Drive,Stockholm
671,Jae,Esparza,11 Iowa Place,Chaodi
672,Pattie,Hullins,2 Barnett Plaza,Kouzhen
673,Berton,Bawme,43904 Merry Circle,Gasan
674,Darrelle,Biss,7455 Columbus Park,Blora
675,Lois,Caldron,8 2nd Plaza,Suraż
676,Bobine,Golby,89727 Gateway Place,Dalazi
677,Doria,Newe,18 Kenwood Street,Memphis
678,Kriste,Lowen,4262 Pierstorff Way,Znamenskoye
679,Mar,Pennone,46699 Packers Place,Chang’an
680,Audrey,Belsher,9 Stone Corner Court,Kuala Bintang
681,Elia,Wrennall,25 Ronald Regan Place,Shuozhou
682,Marrilee,Timby,1397 Spaight Park,Néa Vrasná
683,Raquel,Dwyer,1609 North Avenue,Girijaya
684,Way,Marritt,4069 Anderson Crossing,Pār Naogaon
685,Wandie,Jacomb,914 Grover Drive,Staritsa
686,Ferdie,Vevers,2216 Pawling Place,Ambat
687,Barrie,Adair,0391 Vera Road,Aubagne
688,Moira,Coleyshaw,06358 Spenser Hill,Yaodian
689,Kelsey,Ankers,26842 Buell Parkway,Vila Flor
690,Arabela,Zavattieri,89017 Melvin Park,Velká Dobrá
691,Aldwin,Houndson,582 Riverside Court,Wanquan
692,Agnes,Issatt,4064 Scofield Terrace,Ylämaa
693,Salim,Cooksley,07 Ruskin Circle,Mamara
694,Tamqrah,Brogini,8489 Marcy Hill,Straldzha
695,Mahmoud,Zohrer,5 Cottonwood Hill,Road Town
696,Shurlock,Anglim,8994 Service Point,Nelson
697,Saw,Peart,22168 Tomscot Park,Dushang
698,June,O'Donnelly,92 Sullivan Drive,Vanadjou
699,Anitra,Hellwig,668 Fieldstone Way,Santa Fe
700,Greta,Chenery,183 Nelson Crossing,Miraflores
701,Milissent,Begin,702 Lotheville Center,Bornu Yassu
702,Parsifal,Scapens,52160 Ridgeway Place,Rzozów
703,Herbie,Childes,506 American Ash Circle,Chengbei
704,Doyle,Hogbourne,9 Thackeray Trail,La Reforma
705,Maxine,Bole,06155 Dapin Way,Makrýgialos
706,Ardisj,Jenken,71956 Ryan Way,Concepción de Ataco
707,Cosette,Duckels,881 Mosinee Way,Kuchinarai
708,Allianora,Grazier,1 Mockingbird Lane,Matanzas
709,Hazel,Gyurko,5289 Transport Center,Panyam
710,Ruben,Capenor,55 Lillian Park,Bayanhongor
711,Amil,Aldie,6 Aberg Street,Örebro
712,Corenda,Dyde,1952 Raven Drive,La Cruz
713,Nathanael,Wessell,11 Eggendart Pass,Bankeryd
714,Antonio,Cleminshaw,89 Iowa Trail,Bente
715,Kati,Charnock,1 Corry Court,Belyayevka
716,Ebeneser,Newbury,85441 Buhler Pass,Néos Mylótopos
717,Zebulen,Corcut,13 Reindahl Road,Strzelin
718,Cinderella,MacDermot,37291 Continental Road,Cential
719,Michele,Binstead,75586 Lerdahl Place,Naguanagua
720,Clark,Hebborn,5079 Parkside Alley,Sun Kunda
721,Galen,Gitthouse,2 Golf View Alley,Gataivai
722,Danie,Allsepp,9030 Dryden Court,San Juan de Planes
723,Mendel,Suttill,053 Ilene Parkway,Gurupi
724,Sarajane,Mibourne,24808 Westport Street,Saquarema
725,Jennette,Widdop,380 Gerald Drive,Cergy-Pontoise
726,Cyrill,Sivills,5 David Alley,Muramvya
727,Felipa,Klulicek,2 Northridge Street,Beaung Tengah
728,Juieta,Stonehewer,6641 Autumn Leaf Terrace,Suzëmka
729,Antoine,Resun,5 Mitchell Point,Hujiaying
730,Tedd,Jillins,872 Ludington Crossing,Cabaiguán
731,Shayne,Ambrozewicz,85023 Manley Junction,Mae Lan
732,Shepperd,Hurrion,2 Gateway Way,Orekhovo-Zuyevo
733,Melli,Goadby,169 Hintze Park,Cornwall
734,Rosalind,Pohling,2 Washington Way,Sancang
735,Upton,McFadin,75421 Norway Maple Circle,Hongor
736,Patti,Grzegorecki,8455 Erie Place,Jinshandian
737,Felipa,Wadham,49 Chinook Drive,Mendez-Nuñez
738,Irwinn,Josipovitz,2 Warbler Alley,Göteborg
739,Anthea,Stoak,99299 Montana Center,Pinheiro
740,Mose,Alleburton,0 Eggendart Alley,Krajan Dua Patempuran
741,Babbette,Pagin,099 Leroy Road,Les Clayes-sous-Bois
742,Jany,Otley,92097 Farwell Pass,Évosmos
743,Lorette,Stallard,4934 Burrows Terrace,Knoxville
744,Pauletta,Symmers,58498 Bellgrove Crossing,Manay
745,Harlan,Kinastan,84 Dapin Parkway,Otaru
746,Jobye,Abraham,6 Coleman Place,Taltal
747,Quinta,Spickett,03 Iowa Circle,Xitou
748,Minda,Marrow,2369 Killdeer Point,Quintas
749,Lucien,Sesser,2 Stuart Trail,Punta Cana
750,Dana,Josefs,57107 Marquette Plaza,Nanyuan
751,Humbert,Bardnam,84 Lindbergh Park,General Alvear
752,Salomone,Verchambre,5390 Dryden Park,Kabul
753,Hadley,Welham,22428 Chinook Center,Zipaquirá
754,Evangeline,Gyse,247 Hudson Parkway,Ordzhonikidzevskiy
755,Aurie,Fernan,89 Erie Court,Zhonggongmiao
756,Coraline,Wyard,240 Mayfield Avenue,Pirassununga
757,Kendre,Durram,71 Wayridge Court,Bujanovac
758,Bentlee,Jalland,27689 Tennessee Point,Quetta
759,Kristian,Betchley,1 Manufacturers Road,Hamburg
760,Freddie,Osgarby,088 Novick Park,Rājshāhi
761,Kylen,Orsman,75 Burrows Plaza,Yaguaraparo
762,Gelya,Schutte,5813 Moose Center,Igarapé Açu
763,Lyndsie,Dunphie,45518 Kim Hill,Diavatós
764,Suzanna,Dmisek,61 Browning Point,Žamberk
765,Lela,Jerche,268 Hoepker Terrace,Český Těšín
766,Shurlocke,Timby,93077 Becker Terrace,Călăraşi
767,Druci,Silverman,54 Londonderry Parkway,Paris 14
768,Melany,Barrack,64121 Dunning Plaza,Johor Bahru
769,Siward,Iaduccelli,2449 Annamark Terrace,Karkkila
770,Martica,Petren,64689 Anthes Place,Jialai
771,Carleton,Habron,2 Dakota Drive,Huoshaodian
772,Nataniel,Hingeley,588 Carey Point,Colorado Springs
773,Olwen,Sapir,5 Doe Crossing Center,Fufang
774,Peta,Ioannou,39 Hanson Circle,Maloarkhangel’sk
775,Gabbie,Trimbey,24 Redwing Parkway,Warudoyong
776,Donnie,Clayworth,53268 New Castle Center,Jajarkrajan
777,Woody,Hull,09547 Hayes Street,Batatais
778,Gratiana,Hedgeley,5 Oak Valley Center,Motygino
779,Jere,Rizzetti,17 4th Junction,Santulhão
780,Hyacinthe,Glencross,0 Straubel Circle,Ribeira das Taínhas
781,Glad,Barthrup,18304 Tennyson Crossing,Itaquaquecetuba
782,Zacharias,Kilford,14596 Anhalt Parkway,Papër
783,Fifi,Rabb,9 Pleasure Pass,Xihuaiba
784,Parry,Blazynski,507 Crescent Oaks Terrace,Fuyo
785,Linnie,Di Pietro,8 Warner Parkway,Troyits’ke
786,Vonny,Deex,96 Utah Junction,Pandan
787,Garik,Danielut,342 Mayer Avenue,Karanglo
788,Mathias,Garrique,72 Leroy Junction,Toledo
789,Georgena,Fernandez,323 Little Fleur Terrace,Křížová
790,Mercedes,Di Bartolomeo,1 La Follette Drive,Arish
791,Eva,Stuttard,3005 Basil Alley,Jincheng
792,Avram,Weakley,094 Village Green Lane,Muzidian
793,Cesya,Chesworth,40 Green Ridge Pass,Letlhakane
794,Josie,Huckfield,2072 Northwestern Parkway,Quebo
795,Maitilde,Messom,306 Sommers Avenue,Binawara
796,Brigg,Gimson,55201 Lillian Drive,Sakura
797,Morry,Amps,7846 Bonner Lane,Welkom
798,Burnard,Geipel,9 Gateway Trail,Colendra
799,Olympe,Scopes,63724 Becker Pass,Huaylillas
800,Eleonora,Tizzard,843 Monica Circle,Fuchūchō
801,Astrid,MacAlester,49962 Debra Avenue,Horní Čermná
802,Adrien,Borghese,58216 Kenwood Circle,Austin
803,Aime,Ledger,9 1st Street,Peixing
804,Adlai,O'Lenane,75 Hansons Circle,Paris La Défense
805,Tania,Simeoni,1 Delladonna Street,Estrada
806,Mill,Phelps,17149 Bunting Drive,Sentul
807,Harlie,Swinnard,36 Summerview Drive,Xilin
808,Nelli,Oxbury,2737 Memorial Alley,Caseros
809,Jeni,Dismore,05614 Norway Maple Way,Figueira Castelo Rodrigo
810,Roseann,Ambroix,705 Norway Maple Parkway,Łubowo
811,Burke,Sellen,01 Dexter Crossing,Ageoshimo
812,Daffy,Estcot,597 Bashford Center,Paris 08
813,Debbi,Smullen,85757 Carioca Center,‘Anātā
814,Stormie,Swindles,83925 Thierer Avenue,Zolochiv
815,Caryl,Leemans,610 Hollow Ridge Hill,Montilla
816,Margalo,Cooksley,52995 Golden Leaf Lane,Cimanggu Wetan
817,Vivianna,Revell,8 Meadow Ridge Crossing,Sevilla
818,Fons,Atger,187 Loftsgordon Hill,Ḩammām Damt
819,Jules,Dunne,82 Lindbergh Circle,Jiuhua
820,Baudoin,Farrah,632 Oneill Way,Iida
821,Evey,Pragnall,0854 Arapahoe Road,Hafnarfjörður
822,Bunni,Janu,32 Onsgard Terrace,Baiquan
823,Iona,Ailward,835 Loftsgordon Point,Chokwé
824,Welch,Gert,000 Main Hill,Karabash
825,Stormy,March,76 Farwell Pass,Sai’erlong Xiang
826,Friedrich,Mairs,66 Anhalt Center,Sokarame
827,Lindy,Glowacki,67126 Birchwood Park,San Miguel
828,Bronny,Snow,5871 Fulton Lane,Kónitsa
829,Konrad,Duer,6490 6th Center,Menuma
830,Tresa,McGuffog,6772 Lien Court,Venilale
831,Bogart,Ingledow,549 1st Alley,Otwock
832,Juliane,Lagen,1 Hintze Avenue,Ketian
833,Sybila,Craigg,81 West Parkway,Lingshan
834,Brynn,Beminster,5356 Morning Place,Matsutō
835,Giff,Kubasek,953 Surrey Way,Watuka
836,Michele,McCaughan,23037 Arapahoe Road,Kamenica
837,Rutledge,Petrakov,090 Forest Drive,Pedra Furada
838,Tatiana,Hearon,8 Debra Center,Pira
839,Tiphanie,Clougher,1937 Anthes Trail,Mendeleyevo
840,Verla,Brantl,85080 Mcguire Terrace,Mafinga
841,Anny,Flowerdew,17225 Hanson Lane,Žebrák
842,Wait,Mallabar,7038 Parkside Lane,Fort Worth
843,Brok,Boor,47 Stephen Point,Oviedo
844,Nicolais,Linforth,7 Heath Road,Las Animas
845,Emmerich,Bargh,663 Truax Park,Omemee
846,Anselma,Learoid,0 Sunfield Junction,Gonça
847,Caron,Shieber,85807 Columbus Alley,Maubin
848,Melvyn,Flann,800 Blue Bill Park Drive,Tobelo
849,Jocko,Godrich,54 Carberry Junction,Antsirabe
850,Caryn,Gaiford,28868 Mallard Way,Bornu Yassu
851,Katha,Heinel,488 Union Hill,Hulutao
852,Keely,Devorill,1743 Johnson Plaza,Tazouta
853,Elliot,Stotherfield,02 Raven Crossing,Xingguo
854,Giulio,Brimelow,95 Fairview Plaza,Karabas
855,Kayle,Idwal Evans,7543 Center Lane,Asunción Mita
856,Tobiah,Norree,91 Kim Road,Neya
857,Adamo,Penritt,3 Melody Park,Bell Ville
858,Boone,Chard,8074 Sutherland Street,Saint Augustine
859,Rollin,Chattelaine,2823 Glacier Hill Trail,Gjirokastër
860,Jesselyn,Anker,94028 Starling Pass,Tumu’ertai
861,Booth,Quince,08 Cardinal Center,Ô Môn
862,Nonna,Diggin,6 Hermina Drive,Corrego Grande
863,Francyne,Jedrysik,882 Golf View Parkway,Glempang Tengah
864,Petr,Gaunter,255 Blue Bill Park Terrace,Santa Catalina Norte
865,Shela,Waddam,03 Golf Course Point,Carmen
866,Gustave,Pavie,7580 Center Avenue,Yongfeng
867,Thaine,Baldam,5 Lakeland Terrace,Phunphin
868,Ed,Balderston,9 Logan Way,Salinas
869,Bronny,Clymo,8300 Kings Parkway,Langtad
870,Teddi,Herries,3508 Barby Place,Hexi
871,Katharine,Penketh,60 Nevada Drive,Jessore
872,Swen,Lott,2 Shasta Place,Ordzhonikidze
873,Bobbi,Slaymaker,99638 Lyons Place,Zamboanga
874,Sybille,Duce,7569 Beilfuss Pass,Yerazgavors
875,Rebekah,Capitano,20637 Hansons Place,Kloangrotat
876,Ogden,Pandie,52103 David Lane,Tomobe
877,Tish,Etridge,6766 Spaight Pass,Xinjie
878,Leshia,Gabbitis,10505 8th Parkway,Kajok
879,Jedd,Bramwell,0198 Sachs Court,Jasugih Selatan
880,Lacy,Tease,64991 5th Crossing,Leonidovo
881,Pebrook,Penelli,8482 Dorton Avenue,Bila
882,Pietro,Trowill,9171 Darwin Trail,Casais Brancos
883,Dixie,Rickardes,234 Shelley Park,Verkhniy Kurkuzhin
884,Ahmad,Bullus,4939 Mayer Alley,Plaški
885,Tammy,Evemy,121 Village Green Pass,Knysna
886,Lotty,Lomen,26941 Kim Junction,Kabinda
887,Grissel,Full,87 Dakota Trail,Fāraskūr
888,Matti,Oakenfull,526 Eagan Lane,Kiten
889,Vin,Lawrenz,7017 Upham Way,Chalandrítsa
890,Boy,Keaysell,509 Green Junction,Oslo
891,Denna,Pllu,752 Blue Bill Park Trail,Dalonghua
892,Roldan,Stoffel,837 Lyons Park,Faisalābād
893,Rubetta,Siret,598 Mesta Crossing,Bobo-Dioulasso
894,Merle,Liley,55221 Division Court,Bouzov
895,Shelby,Ewells,54432 Fremont Center,Şaḩneh
896,Torrance,Sendley,898 Holmberg Road,Paris 14
897,Von,Christauffour,161 Del Sol Parkway,Ignalina
898,Donny,Moxham,24895 Graceland Place,Hongjiaguan
899,Rhianna,Archibold,38654 Dahle Lane,Liushun
900,Cinderella,O' Scallan,3560 Shasta Plaza,Stuttgart Stuttgart-Mitte
901,Charmaine,Condy,039 Birchwood Point,Bungalaleng
902,Harvey,Dunlap,8 Hanover Lane,Izmaylovo
903,Mordecai,Withey,456 Dottie Plaza,Tempe
904,Fanny,Aldrick,5 Warbler Alley,Sumberrejo
905,Chas,Clifford,7533 Lakeland Way,Ōmamachō-ōmama
906,Ferdinanda,Legate,40289 Anderson Crossing,Calvário
907,Fairfax,Rasell,2 Mariners Cove Terrace,Futtsu
908,Berti,Halwell,6417 Bay Road,Loreto
909,Elsie,Struttman,39745 Vera Terrace,Laohekou
910,Elwira,Bussell,1 Sheridan Center,Sigaboy
911,Joella,Caswill,9 Holmberg Street,Malusay
912,Harry,Mellon,11568 Grayhawk Alley,Tugdan
913,Beck,Beachamp,3380 Bellgrove Park,Jungutbatu Kaja Dua
914,Corliss,Olyonov,94 Buhler Terrace,Methven
915,Gabrielle,Jillings,24 Shopko Terrace,Sasovo
916,Layne,Stit,8432 Pankratz Road,Rezh
917,Bibi,Leward,493 Glacier Hill Trail,Qalaikhumb
918,Evered,Drayson,8 Bartillon Way,Banjar Medura
919,Clemmie,Foden,7239 Maple Wood Circle,Gustavsberg
920,Gaspard,Sarre,9 Lakewood Gardens Plaza,Union
921,Ermengarde,Marwood,8 Hansons Hill,Birsa
922,Laurel,Jaggs,63442 Sunfield Crossing,Xuanma
923,Anet,Cocks,078 Cardinal Point,Gendiwu
924,Vivienne,Lowson,2 Paget Lane,Pehčevo
925,Vladamir,Sercombe,89851 Stephen Circle,Aygepat
926,Kirsti,Tedorenko,6 Northwestern Parkway,Uvarovka
927,Rubia,Gaven,6 Almo Court,Cilolongokan
928,Rod,Imeson,3 Oak Center,Guxi
929,Peggy,Karmel,2251 Blackbird Avenue,Vinhas
930,Sheelah,Hambleton,42 Summerview Avenue,Kamalasai
931,Shara,Coomes,6 Bunting Plaza,Santa Cruz
932,Thia,Stollenhof,35789 Independence Hill,Anchorage
933,Frances,Whissell,03648 Thierer Alley,Klek
934,Harmonie,Gehrtz,10021 Ryan Plaza,Vale Covo
935,Boycey,Clitherow,079 Sage Trail,Poços de Caldas
936,Adore,Bailiss,98 Carberry Alley,Kamenné Žehrovice
937,Roseann,Beecker,43741 Hudson Avenue,Halat
938,Shamus,Muldoon,0 Pearson Way,Detik Satu
939,Tiebold,Cush,88 Sutteridge Park,Washington
940,Dyana,Harrow,89204 Calypso Pass,Toledo
941,Lutero,Canepe,09 Cherokee Trail,Sepanjang
942,Sallyann,Cockell,314 Springs Hill,Rognedino
943,Allin,Twiname,226 7th Hill,São João da Boa Vista
944,Genovera,Burland,180 Kinsman Pass,Dananshan
945,Ana,Brussels,1278 Knutson Park,Ciénaga de Oro
946,Yettie,Wheatland,6 Lerdahl Park,Mosina
947,Shelley,Larvin,1037 School Lane,Acacías
948,Inna,Lohde,14 Spohn Trail,Carmo do Paranaíba
949,Lyndsey,Giovanetti,075 Dixon Lane,Wakapuken
950,Richy,Paniman,025 Tomscot Center,Pretoria
951,Ruy,Ratnage,78 Pawling Place,Shuihu
952,Barbee,Tarr,7550 Michigan Alley,Ratnapura
953,Leroy,De La Salle,04133 Oneill Crossing,Catujal
954,Cazzie,Siflet,89775 Buell Pass,Chisong
955,Alon,Garfitt,1 Harbort Crossing,Mokolo
956,Hazlett,Giacobbo,247 Norway Maple Circle,Marcovia
957,Kathe,Braycotton,53 Victoria Place,Goiatuba
958,Anabella,Norsworthy,3 Waxwing Park,Drumcondra
959,Roger,Orwin,81956 Kedzie Center,Barusuda
960,Gert,Well,4881 Monument Way,Kariat Arkmane
961,Shep,Vasyunkin,9 Ludington Alley,Azurva
962,Kassey,Farrin,554 Larry Trail,Gravataí
963,Janine,Noir,20710 Florence Center,Lembursawah
964,Daphene,Carss,89686 Park Meadow Trail,Puma
965,Damiano,Serjeant,8 Pine View Park,Chipoka
966,Bald,Dolman,35022 Bluejay Point,Yuzhno-Sukhokumsk
967,Lyndell,Guinan,0 Clove Court,Kabare
968,Muhammad,Arias,5082 Eggendart Drive,Soukkouma
969,Baillie,Adams,7 Barby Avenue,Mysiadło
970,Michal,Minett,2 Crowley Street,Losevo
971,Jessie,Cluelow,44 Tomscot Court,Estância Velha
972,Frederigo,Freear,76 Weeping Birch Place,El Alamo
973,Alvy,Glendzer,8 Daystar Lane,Meniko
974,Brandise,Jindrak,65974 Bobwhite Trail,Nybro
975,Lyell,Paffett,17085 Iowa Junction,Jiuchi
976,Elwin,Hedin,73680 Service Hill,Mönhbulag
977,Adele,Speller,7510 Emmet Plaza,Prey Veng
978,Phoebe,Bibb,8 Golf Court,Lins
979,Ysabel,Eva,95 Hallows Alley,Parlilitan
980,Roddy,Curragh,7471 Maywood Parkway,Khārān
981,Gaby,Carryer,91651 Washington Court,Atalaia
982,Levi,Saltwell,93398 Village Green Lane,Nglengkong
983,Roseanna,Gobbett,41505 Westerfield Road,Spandaryan
984,Chiquita,Gilsthorpe,91104 Surrey Crossing,Santo Tomé
985,Harriette,La Rosa,80292 Clarendon Pass,Panadura
986,Windham,Younghusband,0 Carey Alley,Lavia
987,Jerry,Matelaitis,36 Westend Junction,Haoba
988,Wilma,Dumingo,2 6th Circle,Luau
989,Clarinda,Rattenbury,479 Hanson Trail,Bandhagen
990,Arlin,Lambal,89020 Buell Road,Garanhuns
991,Fiann,Westrey,0 Veith Park,Cheonan
992,Trix,Bussey,62 Kim Circle,Västra Frölunda
993,Enoch,Vasenkov,9221 Homewood Junction,Sandvika
994,Gianni,Pucker,763 Village Green Plaza,Misau
995,Cull,Chene,27882 Lerdahl Plaza,Conchucos
996,Kristofer,Bonnor,75 Michigan Way,Prupuh
997,Tressa,Sivier,87 Fuller Terrace,Zhaojia
998,Lexis,Castagnier,065 Starling Center,Bedadung Kulon
999,Dolli,Grinaway,68 Monica Road,Markowa
1000,Ritchie,Loiterton,30 Village Green Lane,Zuoxi